What’s Wrong With Secretary Kim,Descendants of the Sun,Strong Woman Do Bong Soon,W,Suspicious Partner,ON AIR Running Man,The Legend of the Blue Sea,True Beauty,Boys Over Flowers,My Love From the Star,Guardian: The Lonely and Great God,"Weightlifting Fairy, Kim Bok-joo",Oh My Venus,While You Were Sleeping,I Am Not a Robot,My ID Is Gangnam Beauty,Pinocchio,Healer,Fated to Love You,Tale of the Nine-Tailed,Hwarang: The Poet Warrior Youth,Hotel Del Luna,She Was Pretty,To the Beautiful You,Tempted,The Great Doctor,Playful Kiss,Her Private Life,Clean with Passion for Now,Kill Me Heal Me,Doctors,The Innocent Man,Touch Your Heart,Princess Hours,Personal Taste,Fight For My Way,Jewel in the Crown,Thirty But Seventeen,Mr. Queen,Love in the Moonlight,Melting Me Softly,Secret Garden,Rooftop Prince,The Moon Embracing the Sun,My Father is Strange,Doctor Stranger,Just Between Lovers,Encounter,May Queen,Master’s Sun,A Gentleman’s Dignity,"Marriage, Not Dating",Who Are You,Coffee Prince,Where Stars Land,I Have a Lover,Doom at Your Service,Forest,Heirs,Love Rain,Because This Is My First Life,Birth of the Beauty,1% of Something,Hwayugi,100 Year Legacy,Absolute Boyfriend,My Roommate is a Gumiho,He Is Psychometric,The Tale of Nokdu,Flower Boy Next Door,Cunning Single Lady,The King 2 Hearts,Flower of Evil,Jang Bori is Here,High Society,Are You Human Too?,Dear Fair Lady Kong Shim,Blood,Dream High,The Last Empress,Full House Take 2,Big,Beauty Inside,Five Enough,Emergency Couple,"It’s Okay, That’s Love",Wok of Love,So I Married The Anti-Fan,I Remember You,You’re Beautiful,I Hear Your Voice,My Strange Hero,Angel’s Last Mission: Love,Hi! School - Love On,My Secret Romance,Cheongdam-dong Alice,I-LAND,I'll Go to You When the Weather ...,Revenge Note 2,Secret Love,"Meow, the Secret Boy",ON AIR Young Lady and Gentleman,Lie to Me,Cinderella and Four Knights,The Secret Life of My Secretary,Heartstrings,Lawless Lawyer,The Flower in Prison,"Rich Man, Poor Woman",ON AIR Home Alone,The Girl Who Sees Smells,Come and Hug Me,School 2013,Tale of Arang,The Smile Has Left Your Eyes,Reply 1997,"Hyde, Jekyll, Me",A Witch's Romance,Extra-ordinary You,Search: WWW,Dream High 2,ON AIR Master in the House,"Kangchi, the Beginning",Cheese In The Trap,Lucky Romance,Shopaholic Louis,All about My Mom,Shining Inheritance,Graceful Family,Cheer Up!,Revenge Note 1,Devilish Joy,Another Oh Hae Young,Lovers of the Red Sky,The Red Sleeve,Angel Eyes,"Now, We Are Breaking Up",Dr. Romantic,My Lovely Girl,Moorim School,Dr. Jin,About Time,School 2017,Panda and Hedgehog,I Do I Do,Radio Romance,Good Doctor,Once Again,High-End Crush,"Beautiful Love, Wonderful Life",Mask,Love Revolution,You’re All Surrounded,Glamorous Temptation,Witch's Love,"That Winter, The Wind Blows",Bride of the Water God,The K2,ON AIR The Return of Superman,The Scholar Who Walks the Night,My Golden Life,Five Fingers,Fates and Furies,Happy Once Again,Feast of The Gods,My Lovely Sam Soon,ON AIR My Little Old Boy,The Time We Were Not in Love,Love With Flaws,Doctor John,Jewel in the Palace,Welcome to Waikiki,Oh My Ghostess,My Only One,Grand Prince,Fashion King,Marriage Contract,The Penthouse,River Where the Moon Rises,The Undateables,Reply 1994,100 Days My Prince,Orange Marmalade,Angry Mom,Kiss Goblin,The Gang Doctor,Listen to My Heart,The Great Queen Seondeok,SKY Castle,Ghost,Bridal Mask,Queen for Seven Days,When My Love Blooms,I Picked Up a Celebrity On the S...,Protect the Boss,Queen: Love and War,Falling for Innocence,Mirror of the Witch,More Than Friends,Bel Ami,Flower Boy Ramyun Shop,Uncontrollably Fond,ON AIR The Second Husband,Prime Minister and I,D-Day,The King Loves,Remember,Shine or Be Mad,The Crowned Clown,Dali and Cocky Prince,Best Mistake,Reply 1988,A Beautiful Mind,Yumi's Cells,K-POP Extreme Survival,The Gentlemen of Wolgyesu Tailor...,Come Back Alive,Empress Ki,I Order You,A Piece of Your Mind,Diary of a Night Watchman,The Rebel,You Are The Best,My Secret Hotel,ON AIR 2 Days and 1 Night 4,Moment of Eighteen,The Greatest Love,King of the Drama,When a Man Falls in Love,Level Up,Memorist,Madame Antoine,Happiness,Backstreet Rookie,Sweet Stranger and Me,Full House,"Bring It On, Ghost",Pride and Prejudice,My Love Eun Dong,When Time Stopped,Kill It,Dr. Romantic 2,King of High School,Kingdom: Legendary War,The Good Thieves,Goddess of Fire,Haechi,The Sweet Blood,I Miss You,Good Manager,Touch,Bride of the Century,Wednesday 3:30 PM,Secret Love Affair,The Best Hit,My Girlfriend Is a Gumiho,The Scent of a Woman,Discovery of Love,Color Rush,Law of the Jungle,Lovely Horribly,Marry Him If You Dare,Medical Top Team,Wild Romance,Flower Crew: Joseon Marriage Agency,Mouse,Jugglers,Warm and Cozy,Splash Splash Love,Our Gap Soon,Imitation,Mother of Mine,"Jang Ok Jung, Living in Love",The Devil Judge,MAD DOG,Pasta,Melo Holic,Oh My Baby,Black Knight,"At a Distance, Spring is Green","Noble, My Love",The Rich Son,Mother,Bossam - Steal the Fate,"Lee San, Wind in the Palace",Marry Me Now,Goodbye Mr. Black,The Penthouse 2,Lovers of Haeundae,Chicago Typewriter,Defendant,The Royal Gambler,Band of Sisters,The Good Witch,Incomplete Life,Psychopath Diary,Money Flower,Where Your Eyes Linger,Familiar Wife,Love Alert,East of Eden,ON AIR Ghost Doctor,Golden Time,Lovers of Music,"Marry Me, Mary!",A Good Supper,Into the World Again,Never Twice,Tell Me What You Saw,Find Me in Your Memory,Watcher,Repentance,ON AIR The King of Mask Singer,Eccentric! Chef Moon,Your House Helper,Miss Hammurabi,Entertainer,Whisper,Babyfaced Beauty,The Penthouse 3,My Fair Lady,2 Days and 1 Night,THE Producers,Radiant,Time,Mom Has an Affair,Lonely Enough to Love,ON AIR How Do You Play?,A Word From Warm Heart,"Take Care of Us, Captain",Lie After Lie,ON AIR Showbiz Korea,Mr. Heart,Do You Like Brahms?,Blade Man,Mama Fairy and the Woodcutter,Two Weeks,"Gogh, The Starry Night",The King’s Face,The Fiery Priest,Let Me Introduce Her,Miss Korea,Your Honor,Secret Royal Inspector & Joy,Can We Love?,Warrior Baek Dong Soo,"Saimdang, Light's Diary",King Maker: The Change of Destiny,The Village Achiara’s Secret,Be My Boyfriend,Doctor Prisoner,Witch’s Court,Switch,Taxi Driver,My Wonderful Life,The Third Charm,Scandal,To My Star,Sweet Munchies,Monthly Magazine Home,One the Woman,Mr. Temporary,Queen Insoo,Queen of Mystery,The Ghost Detective,Giant,A Pledge to God,Sell Your Haunted House,Police University,The Great Show,The Merchant: Gaekju 2015,"Flower, I Am!",My Heart Twinkle Twinkle,Live On,Welcome to Waikiki S2,AD Genius Lee TaeBaek,Homemade Love Story,My Healing Love,Two Cops,Heart Signal 3,Jirisan,Her Legend,The Man in the Mask,Voice,Born Again,ON AIR The Manager,To All The Guys Who Loved Me,Princess Prosecutor,The Divorce Lawyer in Love,Brilliant Heritage,God’s Gift - 14 Days,VIP,The Color of a Woman,The Game: Towards Zero,Perfume,Go Back Couple,"My Husband, Mr. Oh!",The Guardian,How To Be Thirty,Red Shoes,I Wanna Hear Your Song,20th Century Boy and Girl,Light On Me,School 2021,My Fellow Citizens!,Welcome2Life,Tunnel,Secret Agent Miss Oh,I Hate You Juliet,Modern Farmer,Heard It Through the Grapevine,Heaven's Garden,Melo Is My Nature,No Matter What,A Man in a Veil,Ask Us Anything,Train,The Goddess of Revenge,The Thorn Birds,My Unfamiliar Family,Don’t Look Back : The Legend of ...,You Make Me Dance,ON AIR Moonshine,My Mister,Ms. Perfect,Awaken,The Slave Hunters,"Still, Marry Me",My Sassy Girl,Miss Monte-Cristo,The Liar and His Lover,"My Lawyer, Mr.Joe",Search,Three Days,Fatal Promise,Tree With Deep Roots,History of the Salaryman,Twelve Nights,I am Your Teacher,Fantastic,Gunman In Joseon,Hide and Seek,Gaduri Restaurant,Partners for Justice,"Bread, Love and Dreams",Ending Again,Amor Fati,User Not Found,Revolutionary Love,Immortal Classic,Pops in Seoul,The Veil,The Witch's Diner,Heartless City,Man Who Sets the Table,Thumping Spike,Childless Comfort,Should We Kiss First,Children of Nobody,ON AIR SBS Inkigayo,The World of My 17,Goodbye Dear Wife,Happy Together,Blue Birthday,Thumping Spike 2,Best Mistake 2,When I was the Most Beautiful,Untouchable,The Item,Be My Dream Family,The Great Shaman Ga Doo Shim,Nightmare Teacher,Youth of May,Beautiful World,Alice,Cruel Palace - War of Flowers,Golden Garden,Delicious Rendezvous,Couple or Trouble,L.U.C.A.: The Beginning,Zombie Detective,Will It Snow for Christmas?,Wish You : Your Melody From My H...,Judge vs. Judge,The Virtual Bride,Tower of Babel,Return,The Partner,Heart Surgeons,Page Turner,Youn's Kitchen 2,Can We Get Married?,Last,Feel Good To Die,Beyond Evil,City Hall,"Seo Yeong, My Daughter",Melancholia,Goodbye to Goodbye,Punch,Queen of Reversal,My Girl,Big Issue,ON AIR After School Club,Kairos,Fix You,Missing: The Other Side,Padam Padam,Birdie Buddy,Partners for Justice 2,ON AIR Immortal Songs,The Temperature of Language: Our...,Signal,"Coffee, Do Me a Favor",Voice 4,ON AIR Radio Star,Stove League,Revolutionary Sisters,Scripting Your Destiny,Mrs. Cop,Damo,Ms. Temper & Nam Jung Gi,Phoenix 2020,Grudge: The Revolt of Gumiho,The Unit,Queen of Mystery 2,Cinderella's Sister,Gourmet,Brain,Running Man Classics,Legal High,My Wife Is A Super Woman,How Are You Bread,Woman of 9.9 Billion,Bad Papa,Royal Family,I Love You,Good Casting,Let Me Be Your Knight,ON AIR Weekly Idol,"Oh, the Mysterious",It’s Dangerous Beyond The Blankets,Cain and Abel,Bad Boy,When the Devil Calls Your Name,Seonam Girls' High School Invest...,You Raise Me Up,Show Window: The Queen's House,Kimchi Family,Uncle,Midas,Wanted,Bravo My Life,365: Repeat the Year,A Love to Kill,Please Don’t Date Him,My Wife Is Having an Affair This...,The One and Only,"Ms Ma, Nemesis",Moon River,The Best Chicken,"Jang Geum, Oh My Grandma",King’s Doctor,Heart Signal 2,"Cheat On Me, If You Can",The Package,TWENTY-TWENTY,My Dangerous Wife,Thank You,ON AIR Kissable Lips,Infinite Challenge,The Master of Revenge,One Fine Week,No Limit,My Secret Star,Falling for Challenge,Kkondae Intern,Solomon’s Perjury,Painter of the Wind,Team Bulldog: Off-duty Investiga...,Into The Ring,Be Arrogant,Stairway to Heaven,Sketch,Justice,All About My Romance,Shadow Beauty,Must You Go?,Little Forest,Misty,My Sweet Dear,The Tasty Florida,Single & Ready to Mingle,UNDER NINETEEN,ON AIR YO~! WELCOME TO KOREA!,The Miracle,Distorted,Tamra the Island,"Special Labor Inspector, Mr. Jo",War of Prosecutors,The Real Men 300,Secret Boutique,Chimera,Prince Hours,Secret Mother,The Man's Voice,I Started Following Romance,Hwangjini,Different Dreams,Manhole,Black Dog,Nobody Knows,The Wind Blows,Doctor Detective,"Village Survival, the Eight",Peng,Risky Romance,Heart Signal,"Let's Eat Something, Anna",My Blooming Life,"Gye Baek, Warrior’s Fate",LC9's Life of Research,Mr. Queen: The Secret,Syndrome,The Princess’s Man,The Facetale: Cinderia,Matrimonial Chaos,One Fine Week 2,Wind-bell,The Master Key,"I’m Sorry, I Love You",ON AIR The All-Round Wife,Please Take Care of My Refrigerator,Artificial City,Next Door Witch J,Tinted With You,Single Wife,The Empress,Special Laws of Romance,Less than Evil,Replay,You Drive Me Crazy,The Duo,Dokgo Rewind,ON AIR Simply K-pop,Naked Fireman,Dark Hole,Tomorrow With You,LOUD,Temptation,Triple,A-TEEN,Summer Guys,Spring Turns to Spring,KBS Drama Special: White Christmas,Behind Cut,Love & Wish,Endless Love,Love Me Actually,Assembly,Handsome Tigers,Friends,New Heart,Liver or Die,Her Bucket List,Delayed Justice,Secret Door,Times,Miracle That We Met,Traces of the Hand,Spark,The Banker,XX,Star’s Lover,Unexpected Heroes,Master of Study,My Husband Got a Family,The Road: The Tragedy of One,Cafe Kilimanjaro,Mute,Oh! My Lady,Yoo Na’s Street,Riders: Catch Tomorrow,Golden Cross,Traveler,My Sweet And Sour Family,Because I Want to Talk,Dancing High,Lover of the Palace,Hold Me Tight,All In,Timing,Traveler 2,Pop Out Boy!,A-TEEN2,Big Heat,Birthcare Center,Color Rush 2,You Are Too Much,Cinderellaman,My Dear Youth - Coffee Prince,Just Dance,On the Verge of Insanity,The Story of Kang Gu,Short,Fantastic Duo 2,ON AIR Through the Darkness,Love & Law,ON AIR Semantic Error,It’s Dangerous Beyond The Blanke...,ON AIR Music Bank K-Chart,A Wife's Credentials,ON AIR Love Naggers 3,"Village Survival, the Eight 2","My Lawyer, Mr. Joe 2: Crime and ...",ON AIR Love Twist,LEGENDARY: Making of a K-Pop Star,Phoenix,The Running Mates: Human Rights,ENHYPEN&Hi,ON AIR Yu Huiyeol’s Sketchbook,Rebel Detectives,Bad Couple,Camping Vibes,Mrs. Cop 2,Spotlight,Camping Club,"UP10TION, Please!",Rebel Detectives 2,ON AIR Best Mistake 3,Jung Hae In’s Travel Log,Your Neighbor's Wife,Something Happened in Bali,ON AIR Show! Music Core,THE FAN,FAILing in Love,7.7 Billion In Love,Number Six,Celebrity Bromance,Puck,Love in Time,Becky’s Back,2021 Special Talk Show - Let’s BTS,Crime Puzzle,Little Bride,Would You Like a Cup of Coffee?,Possessed,When You Call My Name,My Little Kitchen Season 1,The Romance,The Best Ending,Most Ordinary Family,Behind the White Tower Remastered,Bagel Girl,Mr. Back,Borg Mom,"ON AIR The King of Tears, Lee Bang Won",Pumpkin Time,ON AIR My Teen Girl,Photo People in Tokyo,Love Cells 1,Robber,2021 KBS Drama Special,Battle Trip,Love Naggers 2,E-news Exclusive,to. Jenny,The Man from the Equator,How to Buy a Friend,Love Scene Number,Your Playlist,Love in Black Hole,Check Out the Event,Matching Survival 1+1,Tong: Memories,CHIP-IN,Ballerino,I Live in Cheongdam-dong,2020 Idol Star Athletics Champio...,A Time to Remember,Love in Memory,Song Ji Hyo's Beautiful Life,Let's Eat Dinner Together,General Hospital,Home Alone: Girls’ Secret Party,Hello! My Lady,Wild Idol,Monkey and Dog Romance,Home Sweet Home,Crazy Recipe Adventure,Matchmaker’s Lover,2018 Idol Star Athletics Champio...,She Knows Everything,A Week’s Grace,Do Dream,Rookie King: Channel BTS,2019 Idol Star Athletics Champio...,"Fly, again",Where On Earth??,Tazza,Ristorante Coreano,#VikiTopCeleb,The Golden Empire,The Lucifer,Romance,Idol on the Quiz,Surgeon Bong Dal Hee,The Queen of Office,Don’t be Jealous,Favorite Entertainment,Girls’ Generation 1979,2019 Idol Star Athletics Champio...,2016 Idol Star Athletics Champio...,Dalja’s Spring,JYP’s Party People,ON AIR Shooting Stars,2018 KBS Song Festival,The Guilty Secret,2019 KBS Song Festival,The Chaser,"ON AIR First love, Again",2020 KBS Song Festival,2017 KBS Drama Awards,2017 MBC Music Festival,I'm Real Song Joong Ki,2018 SBS Gayo Daejeon_Music Fest...,At Work Today,Get Karl! Oh Soo Jung,Dunia: Into a New World,2017 Idol Star Athletics Champio...,SHOOK,Sign,2017 SBS Gayo Daejeon_Music Fest...,My Little Kitchen Season 2,2018 Idol Star Athletics Champio...,"The Legend, The New Singer","Friend, Our Legend",Everything and Nothing,Growing Season,Entertainment Weekly,Boys Mental Training Camp 2 - NC...,ON AIR Paik Class,Women in the Sun,Park-Jang’s LOL (League of Love-...,Girl’s War,2019 SBS Gayo Daejeon_Music Fest...,Idol King of Cooking,SF8,2016 Idol Star Athletics Champio...,2017 SBS Drama Awards,2020 SBS Drama Awards,2017 MBC Drama Awards,"Again, My Love",2018 MBC Music Festival,ENHYPEN DEBUT SHOW : DAY ONE,12th Annual Soompi Awards,Urban Cops : KCSI,Urban Cops,Here’s My Plan,Night of Hate Comments,Capital Scandal,Come Back Home,2020 KBS Drama Special,Fortuneteller’s Secret Recipe,2018 KBS Drama Special,SuperM the Beginning,2017 KBS Song Festival,The Traveler’s Guide to My Room,Babysitter,God’s Workplace,The Boss is Watching,ON AIR Midnight Horror Story,2015 Idol Star Athletics Champio...,Why Couldn’t You Get Married?,The Blue Sea,Do It All Your Way,Yacht Expedition,"Real Mate in Cairns, Australia","Sang Du, Let’s Go to School",Humanimal,Birth Secret,Eat in Style,2020 SBS Gayo Daejeon in Daegu,EXIT,Naughty Boy,The Barber of Seville,Star Show 360,My Sweet City,On Air,Photo People in Paris,Sister’s Salon,2014 Idol Star Athletics Champio...,ON AIR I am Solo,Light and Shadow,2021 Idol Star Athletics Champio...,2018 SBS Drama Awards,2019 SBS Drama Awards,Love Cells 2,EXO’s Travel the World On a Ladd...,Need for Womance,2018 MBC Drama Awards,2018 KBS Drama Awards,School Attack 2018,BTS Variety Chronicles,2019 KBS Drama Awards,The Paikfather,Jeon Woo Chi,Tiki taCAR,2019 MBC Music Festival,Heroes,Bloody Game,Yacht Expedition : The Beginning,2020 SBS Entertainment Awards,It's Okay Because I Am A Mom,Wish You Talk Live,2020 MBC Music Festival,SBS Super Concert in Gwangju,Seoul International Drama Awards...,2020 Idol Star Dog-agility Champ...,Fan Heart Attack Idol TV,Korean Ghost Stories-2008,We Will Channel You,My Mad Beauty 3,Shoot-out: Mart War,Change My Home,My Little Television 2,Seoul International Drama Awards...,The Love Master,The Fugitive of Joseon,Stranger Kim,2021 SBS Drama Awards,Pet And I: An unexpected journey,2018 SBS Entertainment Awards,Tteokbokki Brothers,Typically Women,Crazy Noodle Recipe,School Attack 2019,Try It,Issue Makers,2014 MBC Drama Festival,Wanna City,2018 KBS Entertainment Awards,2019 MBC Drama Awards,No Impact Day,Little Too Crazy,Legendary Parks,2017 KBS Drama Special,Korean Ghost Stories-2009,The More You Eat with Don Spike,The Happy Loner,KPOP WORLD FESTIVAL 2017 in Chan...,ON AIR Godfather,2020 KBS Drama Awards,2020 Idol Star eSports Champions...,The Dog I Encountered,2021 MBC Drama Awards,2021 KBS Drama Awards,2020 MBC Drama Awards,My Fantastic Funeral,Food Truck,I Was A Car,2015 Idol Star Athletics Champio...,Section TV Entertainment News,ON AIR Woof & Meow – Do You Love Me?,ON AIR DNA Mate,Korea Coast Guard 2,Join Us Korea,Run Puppy Run,ON AIR Oh! Boarding House,The Masked Talent,2019 KBS Entertainment Awards,Jang Eui Soo's First Fan Meeting,2013 MBC Drama Festival,Meet & Meat,2019 SBS Entertainment Awards,Father’s House,Bank of Seoul,Mysterious Freshman,Witches,Pets GO! Doggy Trip,2021 MBC Music Festival,Hyena on the Keyboard,Idol Drama Operation Team,PLAY SEOUL,Beauty and the Beast,Five Cranky Brothers,I Was A Car 2,It’s Ramyeon Time,Love Mafia,Match of the Century: AI vs. Human,Swan Club,Lee Se Jin’s First Fan Meeting –...,2020 KBS Entertainment Awards,Sister’s Salon Special,Cafe Midnight,SBS Super Concert in Incheon,2017 SBS Entertainment Awards,The Love Master 2,13th Annual Soompi Awards,SBS Super Concert in Suwon,2019 ONE K CONCERT,2018 MBC Entertainment Awards,Yeris Room,The Road to Seoul,MTOPIA,2020 MBC Entertainment Awards,All Fixed Up in Seoul,2019 MBC Entertainment Awards,2021 KBS Song Festival,2021 SBS Entertainment Awards,"Asia, Where VIXX Loves",ON AIR Stopping on the Road Once in a W...,Cafe Midnight Season 3: The Curi...,2017 MBC Entertainment Awards,EXO’s Travel the World On a Ladd...,2021 MBC Entertainment Awards,NCT LIFE : DREAM in Wonderland,Meeting You 2,Korea on Stage - Namwon Gwanghallu,ON AIR Surprise: The Secret Room,2020 Asia Song Festival,My Life’s Traveling Cut,2019 Changwon K-POP World Festival,SMUF K-POP,THE SHOW Play,I Came Alone,Topp Dogg: All-Kill,2021 KBS Entertainment Awards,2021 SBS Gayo Daejeon,DMCF 2018,Witches 2,LEVEL UP PROJECT SEASON 2,Joseon Pop Again,NCT LIFE in Chuncheon ＆ Hongcheon,LEVEL UP PROJECT SEASON 1,NEW EP Cherry Blossoms After Winter,WayVision,LEVEL UP PROJECT SEASON 3,Just Comedy,2018 Changwon K-POP World Festival,The Path to Glory,Weekly Bamboo,Super Rookie : UNVS,Dog Star TV,Scene Number Blue,Cafe Midnight Season 2: Hip Up! ...,"Remember 2014, Promise 2021",NCT LIFE in Osaka,MOMOLAND’s Saipan Land,Liah Yoo,Boys Mental Training Camp,YoGoBaLa,Hyelin's Daily Pointlessness,The Vertex,Bears,Weekly Bamboo 2,Life of Samantha,Meeting You,Family Portrait,Inside the Films of Bong Joon Ho,"What’s Wrong With Secretary Kim
","Descendants of the Sun
","Strong Woman Do Bong Soon
","W
","Suspicious Partner
","ON AIR Running Man
","The Legend of the Blue Sea
","True Beauty
","Boys Over Flowers
","My Love From the Star
","Guardian: The Lonely and Great God
","Weightlifting Fairy, Kim Bok-joo
","Oh My Venus
","While You Were Sleeping
","I Am Not a Robot
","My ID Is Gangnam Beauty
","Pinocchio
","Healer
","Fated to Love You
","Tale of the Nine-Tailed
","Hwarang: The Poet Warrior Youth
","Hotel Del Luna
","She Was Pretty
","To the Beautiful You
","Tempted
","The Great Doctor
","Playful Kiss
","Her Private Life
","Clean with Passion for Now
","Kill Me Heal Me
","Doctors
","The Innocent Man
","Touch Your Heart
","Princess Hours
","Personal Taste
","Fight For My Way
","Jewel in the Crown
","Thirty But Seventeen
","Mr. Queen
","Love in the Moonlight
","Melting Me Softly
","Secret Garden
","Rooftop Prince
","The Moon Embracing the Sun
","My Father is Strange
","Doctor Stranger
","Just Between Lovers
","Encounter
","May Queen
","Master’s Sun
","A Gentleman’s Dignity
","Marriage, Not Dating
","Who Are You
","Coffee Prince
","Where Stars Land
","I Have a Lover
","Doom at Your Service
","Forest
","Heirs
","Love Rain
","Because This Is My First Life
","Birth of the Beauty
","1% of Something
","Hwayugi
","100 Year Legacy
","Absolute Boyfriend
","My Roommate is a Gumiho
","He Is Psychometric
","The Tale of Nokdu
","Flower Boy Next Door
","Cunning Single Lady
","The King 2 Hearts
","Flower of Evil
","Jang Bori is Here
","High Society
","Are You Human Too?
","Dear Fair Lady Kong Shim
","Blood
","Dream High
","The Last Empress
","Full House Take 2
","Big
","Beauty Inside
","Five Enough
","Emergency Couple
","It’s Okay, That’s Love
","Wok of Love
","So I Married The Anti-Fan
","I Remember You
","You’re Beautiful
","I Hear Your Voice
","My Strange Hero
","Angel’s Last Mission: Love
","Hi! School - Love On
","My Secret Romance
","Cheongdam-dong Alice
","I-LAND
","I'll Go to You When the Weather ...
","Revenge Note 2
","Secret Love
","Meow, the Secret Boy
","ON AIR Young Lady and Gentleman
","Lie to Me
","Cinderella and Four Knights
","The Secret Life of My Secretary
","Heartstrings
","Lawless Lawyer
","The Flower in Prison
","Rich Man, Poor Woman
","ON AIR Home Alone
","The Girl Who Sees Smells
","Come and Hug Me
","School 2013
","Tale of Arang
","The Smile Has Left Your Eyes
","Reply 1997
","Hyde, Jekyll, Me
","A Witch's Romance
","Extra-ordinary You
","Search: WWW
","Dream High 2
","ON AIR Master in the House
","Kangchi, the Beginning
","Cheese In The Trap
","Lucky Romance
","Shopaholic Louis
","All about My Mom
","Shining Inheritance
","Graceful Family
","Cheer Up!
","Revenge Note 1
","Devilish Joy
","Another Oh Hae Young
","Lovers of the Red Sky
","The Red Sleeve
","Angel Eyes
","Now, We Are Breaking Up
","Dr. Romantic
","My Lovely Girl
","Moorim School
","Dr. Jin
","About Time
","School 2017
","Panda and Hedgehog
","I Do I Do
","Radio Romance
","Good Doctor
","Once Again
","High-End Crush
","Beautiful Love, Wonderful Life
","Mask
","Love Revolution
","You’re All Surrounded
","Glamorous Temptation
","Witch's Love
","That Winter, The Wind Blows
","Bride of the Water God
","The K2
","ON AIR The Return of Superman
","The Scholar Who Walks the Night
","My Golden Life
","Five Fingers
","Fates and Furies
","Happy Once Again
","Feast of The Gods
","My Lovely Sam Soon
","ON AIR My Little Old Boy
","The Time We Were Not in Love
","Love With Flaws
","Doctor John
","Jewel in the Palace
","Welcome to Waikiki
","Oh My Ghostess
","My Only One
","Grand Prince
","Fashion King
","Marriage Contract
","The Penthouse
","River Where the Moon Rises
","The Undateables
","Reply 1994
","100 Days My Prince
","Orange Marmalade
","Angry Mom
","Kiss Goblin
","The Gang Doctor
","Listen to My Heart
","The Great Queen Seondeok
","SKY Castle
","Ghost
","Bridal Mask
","Queen for Seven Days
","When My Love Blooms
","I Picked Up a Celebrity On the S...
","Protect the Boss
","Queen: Love and War
","Falling for Innocence
","Mirror of the Witch
","More Than Friends
","Bel Ami
","Flower Boy Ramyun Shop
","Uncontrollably Fond
","ON AIR The Second Husband
","Prime Minister and I
","D-Day
","The King Loves
","Remember
","Shine or Be Mad
","The Crowned Clown
","Dali and Cocky Prince
","Best Mistake
","Reply 1988
","A Beautiful Mind
","Yumi's Cells
","K-POP Extreme Survival
","The Gentlemen of Wolgyesu Tailor...
","Come Back Alive
","Empress Ki
","I Order You
","A Piece of Your Mind
","Diary of a Night Watchman
","The Rebel
","You Are The Best
","My Secret Hotel
","ON AIR 2 Days and 1 Night 4
","Moment of Eighteen
","The Greatest Love
","King of the Drama
","When a Man Falls in Love
","Level Up
","Memorist
","Madame Antoine
","Happiness
","Backstreet Rookie
","Sweet Stranger and Me
","Full House
","Bring It On, Ghost
","Pride and Prejudice
","My Love Eun Dong
","When Time Stopped
","Kill It
","Dr. Romantic 2
","King of High School
","Kingdom: Legendary War
","The Good Thieves
","Goddess of Fire
","Haechi
","The Sweet Blood
","I Miss You
","Good Manager
","Touch
","Bride of the Century
","Wednesday 3:30 PM
","Secret Love Affair
","The Best Hit
","My Girlfriend Is a Gumiho
","The Scent of a Woman
","Discovery of Love
","Color Rush
","Law of the Jungle
","Lovely Horribly
","Marry Him If You Dare
","Medical Top Team
","Wild Romance
","Flower Crew: Joseon Marriage Agency
","Mouse
","Jugglers
","Warm and Cozy
","Splash Splash Love
","Our Gap Soon
","Imitation
","Mother of Mine
","Jang Ok Jung, Living in Love
","The Devil Judge
","MAD DOG
","Pasta
","Melo Holic
","Oh My Baby
","Black Knight
","At a Distance, Spring is Green
","Noble, My Love
","The Rich Son
","Mother
","Bossam - Steal the Fate
","Lee San, Wind in the Palace
","Marry Me Now
","Goodbye Mr. Black
","The Penthouse 2
","Lovers of Haeundae
","Chicago Typewriter
","Defendant
","The Royal Gambler
","Band of Sisters
","The Good Witch
","Incomplete Life
","Psychopath Diary
","Money Flower
","Where Your Eyes Linger
","Familiar Wife
","Love Alert
","East of Eden
","ON AIR Ghost Doctor
","Golden Time
","Lovers of Music
","Marry Me, Mary!
","A Good Supper
","Into the World Again
","Never Twice
","Tell Me What You Saw
","Find Me in Your Memory
","Watcher
","Repentance
","ON AIR The King of Mask Singer
","Eccentric! Chef Moon
","Your House Helper
","Miss Hammurabi
","Entertainer
","Whisper
","Babyfaced Beauty
","The Penthouse 3
","My Fair Lady
","2 Days and 1 Night
","THE Producers
","Radiant
","Time
","Mom Has an Affair
","Lonely Enough to Love
","ON AIR How Do You Play?
","A Word From Warm Heart
","Take Care of Us, Captain
","Lie After Lie
","ON AIR Showbiz Korea
","Mr. Heart
","Do You Like Brahms?
","Blade Man
","Mama Fairy and the Woodcutter
","Two Weeks
","Gogh, The Starry Night
","The King’s Face
","The Fiery Priest
","Let Me Introduce Her
","Miss Korea
","Your Honor
","Secret Royal Inspector & Joy
","Can We Love?
","Warrior Baek Dong Soo
","Saimdang, Light's Diary
","King Maker: The Change of Destiny
","The Village Achiara’s Secret
","Be My Boyfriend
","Doctor Prisoner
","Witch’s Court
","Switch
","Taxi Driver
","My Wonderful Life
","The Third Charm
","Scandal
","To My Star
","Sweet Munchies
","Monthly Magazine Home
","One the Woman
","Mr. Temporary
","Queen Insoo
","Queen of Mystery
","The Ghost Detective
","Giant
","A Pledge to God
","Sell Your Haunted House
","Police University
","The Great Show
","The Merchant: Gaekju 2015
","Flower, I Am!
","My Heart Twinkle Twinkle
","Live On
","Welcome to Waikiki S2
","AD Genius Lee TaeBaek
","Homemade Love Story
","My Healing Love
","Two Cops
","Heart Signal 3
","Jirisan
","Her Legend
","The Man in the Mask
","Voice
","Born Again
","ON AIR The Manager
","To All The Guys Who Loved Me
","Princess Prosecutor
","The Divorce Lawyer in Love
","Brilliant Heritage
","God’s Gift - 14 Days
","VIP
","The Color of a Woman
","The Game: Towards Zero
","Perfume
","Go Back Couple
","My Husband, Mr. Oh!
","The Guardian
","How To Be Thirty
","Red Shoes
","I Wanna Hear Your Song
","20th Century Boy and Girl
","Light On Me
","School 2021
","My Fellow Citizens!
","Welcome2Life
","Tunnel
","Secret Agent Miss Oh
","I Hate You Juliet
","Modern Farmer
","Heard It Through the Grapevine
","Heaven's Garden
","Melo Is My Nature
","No Matter What
","A Man in a Veil
","Ask Us Anything
","Train
","The Goddess of Revenge
","The Thorn Birds
","My Unfamiliar Family
","Don’t Look Back : The Legend of ...
","You Make Me Dance
","ON AIR Moonshine
","My Mister
","Ms. Perfect
","Awaken
","The Slave Hunters
","Still, Marry Me
","My Sassy Girl
","Miss Monte-Cristo
","The Liar and His Lover
","My Lawyer, Mr.Joe
","Search
","Three Days
","Fatal Promise
","Tree With Deep Roots
","History of the Salaryman
","Twelve Nights
","I am Your Teacher
","Fantastic
","Gunman In Joseon
","Hide and Seek
","Gaduri Restaurant
","Partners for Justice
","Bread, Love and Dreams
","Ending Again
","Amor Fati
","User Not Found
","Revolutionary Love
","Immortal Classic
","Pops in Seoul
","The Veil
","The Witch's Diner
","Heartless City
","Man Who Sets the Table
","Thumping Spike
","Childless Comfort
","Should We Kiss First
","Children of Nobody
","ON AIR SBS Inkigayo
","The World of My 17
","Goodbye Dear Wife
","Happy Together
","Blue Birthday
","Thumping Spike 2
","Best Mistake 2
","When I was the Most Beautiful
","Untouchable
","The Item
","Be My Dream Family
","The Great Shaman Ga Doo Shim
","Nightmare Teacher
","Youth of May
","Beautiful World
","Alice
","Cruel Palace - War of Flowers
","Golden Garden
","Delicious Rendezvous
","Couple or Trouble
","L.U.C.A.: The Beginning
","Zombie Detective
","Will It Snow for Christmas?
","Wish You : Your Melody From My H...
","Judge vs. Judge
","The Virtual Bride
","Tower of Babel
","Return
","The Partner
","Heart Surgeons
","Page Turner
","Youn's Kitchen 2
","Can We Get Married?
","Last
","Feel Good To Die
","Beyond Evil
","City Hall
","Seo Yeong, My Daughter
","Melancholia
","Goodbye to Goodbye
","Punch
","Queen of Reversal
","My Girl
","Big Issue
","ON AIR After School Club
","Kairos
","Fix You
","Missing: The Other Side
","Padam Padam
","Birdie Buddy
","Partners for Justice 2
","ON AIR Immortal Songs
","The Temperature of Language: Our...
","Signal
","Coffee, Do Me a Favor
","Voice 4
","ON AIR Radio Star
","Stove League
","Revolutionary Sisters
","Scripting Your Destiny
","Mrs. Cop
","Damo
","Ms. Temper & Nam Jung Gi
","Phoenix 2020
","Grudge: The Revolt of Gumiho
","The Unit
","Queen of Mystery 2
","Cinderella's Sister
","Gourmet
","Brain
","Running Man Classics
","Legal High
","My Wife Is A Super Woman
","How Are You Bread
","Woman of 9.9 Billion
","Bad Papa
","Royal Family
","I Love You
","Good Casting
","Let Me Be Your Knight
","ON AIR Weekly Idol
","Oh, the Mysterious
","It’s Dangerous Beyond The Blankets
","Cain and Abel
","Bad Boy
","When the Devil Calls Your Name
","Seonam Girls' High School Invest...
","You Raise Me Up
","Show Window: The Queen's House
","Kimchi Family
","Uncle
","Midas
","Wanted
","Bravo My Life
","365: Repeat the Year
","A Love to Kill
","Please Don’t Date Him
","My Wife Is Having an Affair This...
","The One and Only
","Ms Ma, Nemesis
","Moon River
","The Best Chicken
","Jang Geum, Oh My Grandma
","King’s Doctor
","Heart Signal 2
","Cheat On Me, If You Can
","The Package
","TWENTY-TWENTY
","My Dangerous Wife
","Thank You
","ON AIR Kissable Lips
","Infinite Challenge
","The Master of Revenge
","One Fine Week
","No Limit
","My Secret Star
","Falling for Challenge
","Kkondae Intern
","Solomon’s Perjury
","Painter of the Wind
","Team Bulldog: Off-duty Investiga...
","Into The Ring
","Be Arrogant
","Stairway to Heaven
","Sketch
","Justice
","All About My Romance
","Shadow Beauty
","Must You Go?
","Little Forest
","Misty
","My Sweet Dear
","The Tasty Florida
","Single & Ready to Mingle
","UNDER NINETEEN
","ON AIR YO~! WELCOME TO KOREA!
","The Miracle
","Distorted
","Tamra the Island
","Special Labor Inspector, Mr. Jo
","War of Prosecutors
","The Real Men 300
","Secret Boutique
","Chimera
","Prince Hours
","Secret Mother
","The Man's Voice
","I Started Following Romance
","Hwangjini
","Different Dreams
","Manhole
","Black Dog
","Nobody Knows
","The Wind Blows
","Doctor Detective
","Village Survival, the Eight
","Peng
","Risky Romance
","Heart Signal
","Let's Eat Something, Anna
","My Blooming Life
","Gye Baek, Warrior’s Fate
","LC9's Life of Research
","Mr. Queen: The Secret
","Syndrome
","The Princess’s Man
","The Facetale: Cinderia
","Matrimonial Chaos
","One Fine Week 2
","Wind-bell
","The Master Key
","I’m Sorry, I Love You
","ON AIR The All-Round Wife
","Please Take Care of My Refrigerator
","Artificial City
","Next Door Witch J
","Tinted With You
","Single Wife
","The Empress
","Special Laws of Romance
","Less than Evil
","Replay
","You Drive Me Crazy
","The Duo
","Dokgo Rewind
","ON AIR Simply K-pop
","Naked Fireman
","Dark Hole
","Tomorrow With You
","LOUD
","Temptation
","Triple
","A-TEEN
","Summer Guys
","Spring Turns to Spring
","KBS Drama Special: White Christmas
","Behind Cut
","Love & Wish
","Endless Love
","Love Me Actually
","Assembly
","Handsome Tigers
","Friends
","New Heart
","Liver or Die
","Her Bucket List
","Delayed Justice
","Secret Door
","Times
","Miracle That We Met
","Traces of the Hand
","Spark
","The Banker
","XX
","Star’s Lover
","Unexpected Heroes
","Master of Study
","My Husband Got a Family
","The Road: The Tragedy of One
","Cafe Kilimanjaro
","Mute
","Oh! My Lady
","Yoo Na’s Street
","Riders: Catch Tomorrow
","Golden Cross
","Traveler
","My Sweet And Sour Family
","Because I Want to Talk
","Dancing High
","Lover of the Palace
","Hold Me Tight
","All In
","Timing
","Traveler 2
","Pop Out Boy!
","A-TEEN2
","Big Heat
","Birthcare Center
","Color Rush 2
","You Are Too Much
","Cinderellaman
","My Dear Youth - Coffee Prince
","Just Dance
","On the Verge of Insanity
","The Story of Kang Gu
","Short
","Fantastic Duo 2
","ON AIR Through the Darkness
","Love & Law
","ON AIR Semantic Error
","It’s Dangerous Beyond The Blanke...
","ON AIR Music Bank K-Chart
","A Wife's Credentials
","ON AIR Love Naggers 3
","Village Survival, the Eight 2
","My Lawyer, Mr. Joe 2: Crime and ...
","ON AIR Love Twist
","LEGENDARY: Making of a K-Pop Star
","Phoenix
","The Running Mates: Human Rights
","ENHYPEN&Hi
","ON AIR Yu Huiyeol’s Sketchbook
","Rebel Detectives
","Bad Couple
","Camping Vibes
","Mrs. Cop 2
","Spotlight
","Camping Club
","UP10TION, Please!
","Rebel Detectives 2
","ON AIR Best Mistake 3
","Jung Hae In’s Travel Log
","Your Neighbor's Wife
","Something Happened in Bali
","ON AIR Show! Music Core
","THE FAN
","FAILing in Love
","7.7 Billion In Love
","Number Six
","Celebrity Bromance
","Puck
","Love in Time
","Becky’s Back
","2021 Special Talk Show - Let’s BTS
","Crime Puzzle
","Little Bride
","Would You Like a Cup of Coffee?
","Possessed
","When You Call My Name
","My Little Kitchen Season 1
","The Romance
","The Best Ending
","Most Ordinary Family
","Behind the White Tower Remastered
","Bagel Girl
","Mr. Back
","Borg Mom
","ON AIR The King of Tears, Lee Bang Won
","Pumpkin Time
","ON AIR My Teen Girl
","Photo People in Tokyo
","Love Cells 1
","Robber
","2021 KBS Drama Special
","Battle Trip
","Love Naggers 2
","E-news Exclusive
","to. Jenny
","The Man from the Equator
","How to Buy a Friend
","Love Scene Number
","Your Playlist
","Love in Black Hole
","Check Out the Event
","Matching Survival 1+1
","Tong: Memories
","CHIP-IN
","Ballerino
","I Live in Cheongdam-dong
","2020 Idol Star Athletics Champio...
","A Time to Remember
","Love in Memory
","Song Ji Hyo's Beautiful Life
","Let's Eat Dinner Together
","General Hospital
","Home Alone: Girls’ Secret Party
","Hello! My Lady
","Wild Idol
","Monkey and Dog Romance
","Home Sweet Home
","Crazy Recipe Adventure
","Matchmaker’s Lover
","2018 Idol Star Athletics Champio...
","She Knows Everything
","A Week’s Grace
","Do Dream
","Rookie King: Channel BTS
","2019 Idol Star Athletics Champio...
","Fly, again
","Where On Earth??
","Tazza
","Ristorante Coreano
","#VikiTopCeleb
","The Golden Empire
","The Lucifer
","Romance
","Idol on the Quiz
","Surgeon Bong Dal Hee
","The Queen of Office
","Don’t be Jealous
","Favorite Entertainment
","Girls’ Generation 1979
","2019 Idol Star Athletics Champio...
","2016 Idol Star Athletics Champio...
","Dalja’s Spring
","JYP’s Party People
","ON AIR Shooting Stars
","2018 KBS Song Festival
","The Guilty Secret
","2019 KBS Song Festival
","The Chaser
","ON AIR First love, Again
","2020 KBS Song Festival
","2017 KBS Drama Awards
","2017 MBC Music Festival
","I'm Real Song Joong Ki
","2018 SBS Gayo Daejeon_Music Fest...
","At Work Today
","Get Karl! Oh Soo Jung
","Dunia: Into a New World
","2017 Idol Star Athletics Champio...
","SHOOK
","Sign
","2017 SBS Gayo Daejeon_Music Fest...
","My Little Kitchen Season 2
","2018 Idol Star Athletics Champio...
","The Legend, The New Singer
","Friend, Our Legend
","Everything and Nothing
","Growing Season
","Entertainment Weekly
","Boys Mental Training Camp 2 - NC...
","ON AIR Paik Class
","Women in the Sun
","Park-Jang’s LOL (League of Love-...
","Girl’s War
","2019 SBS Gayo Daejeon_Music Fest...
","Idol King of Cooking
","SF8
","2016 Idol Star Athletics Champio...
","2017 SBS Drama Awards
","2020 SBS Drama Awards
","2017 MBC Drama Awards
","Again, My Love
","2018 MBC Music Festival
","ENHYPEN DEBUT SHOW : DAY ONE
","12th Annual Soompi Awards
","Urban Cops : KCSI
","Urban Cops
","Here’s My Plan
","Night of Hate Comments
","Capital Scandal
","Come Back Home
","2020 KBS Drama Special
","Fortuneteller’s Secret Recipe
","2018 KBS Drama Special
","SuperM the Beginning
","2017 KBS Song Festival
","The Traveler’s Guide to My Room
","Babysitter
","God’s Workplace
","The Boss is Watching
","ON AIR Midnight Horror Story
","2015 Idol Star Athletics Champio...
","Why Couldn’t You Get Married?
","The Blue Sea
","Do It All Your Way
","Yacht Expedition
","Real Mate in Cairns, Australia
","Sang Du, Let’s Go to School
","Humanimal
","Birth Secret
","Eat in Style
","2020 SBS Gayo Daejeon in Daegu
","EXIT
","Naughty Boy
","The Barber of Seville
","Star Show 360
","My Sweet City
","On Air
","Photo People in Paris
","Sister’s Salon
","2014 Idol Star Athletics Champio...
","ON AIR I am Solo
","Light and Shadow
","2021 Idol Star Athletics Champio...
","2018 SBS Drama Awards
","2019 SBS Drama Awards
","Love Cells 2
","EXO’s Travel the World On a Ladd...
","Need for Womance
","2018 MBC Drama Awards
","2018 KBS Drama Awards
","School Attack 2018
","BTS Variety Chronicles
","2019 KBS Drama Awards
","The Paikfather
","Jeon Woo Chi
","Tiki taCAR
","2019 MBC Music Festival
","Heroes
","Bloody Game
","Yacht Expedition : The Beginning
","2020 SBS Entertainment Awards
","It's Okay Because I Am A Mom
","Wish You Talk Live
","2020 MBC Music Festival
","SBS Super Concert in Gwangju
","Seoul International Drama Awards...
","2020 Idol Star Dog-agility Champ...
","Fan Heart Attack Idol TV
","Korean Ghost Stories-2008
","We Will Channel You
","My Mad Beauty 3
","Shoot-out: Mart War
","Change My Home
","My Little Television 2
","Seoul International Drama Awards...
","The Love Master
","The Fugitive of Joseon
","Stranger Kim
","2021 SBS Drama Awards
","Pet And I: An unexpected journey
","2018 SBS Entertainment Awards
","Tteokbokki Brothers
","Typically Women
","Crazy Noodle Recipe
","School Attack 2019
","Try It
","Issue Makers
","2014 MBC Drama Festival
","Wanna City
","2018 KBS Entertainment Awards
","2019 MBC Drama Awards
","No Impact Day
","Little Too Crazy
","Legendary Parks
","2017 KBS Drama Special
","Korean Ghost Stories-2009
","The More You Eat with Don Spike
","The Happy Loner
","KPOP WORLD FESTIVAL 2017 in Chan...
","ON AIR Godfather
","2020 KBS Drama Awards
","2020 Idol Star eSports Champions...
","The Dog I Encountered
","2021 MBC Drama Awards
","2021 KBS Drama Awards
","2020 MBC Drama Awards
","My Fantastic Funeral
","Food Truck
","I Was A Car
","2015 Idol Star Athletics Champio...
","Section TV Entertainment News
","ON AIR Woof & Meow – Do You Love Me?
","ON AIR DNA Mate
","Korea Coast Guard 2
","Join Us Korea
","Run Puppy Run
","ON AIR Oh! Boarding House
","The Masked Talent
","2019 KBS Entertainment Awards
","Jang Eui Soo's First Fan Meeting
","2013 MBC Drama Festival
","Meet & Meat
","2019 SBS Entertainment Awards
","Father’s House
","Bank of Seoul
","Mysterious Freshman
","Witches
","Pets GO! Doggy Trip
","2021 MBC Music Festival
","Hyena on the Keyboard
","Idol Drama Operation Team
","PLAY SEOUL
","Beauty and the Beast
","Five Cranky Brothers
","I Was A Car 2
","It’s Ramyeon Time
","Love Mafia
","Match of the Century: AI vs. Human
","Swan Club
","Lee Se Jin’s First Fan Meeting –...
","2020 KBS Entertainment Awards
","Sister’s Salon Special
","Cafe Midnight
","SBS Super Concert in Incheon
","2017 SBS Entertainment Awards
","The Love Master 2
","13th Annual Soompi Awards
","SBS Super Concert in Suwon
","2019 ONE K CONCERT
","2018 MBC Entertainment Awards
","Yeris Room
","The Road to Seoul
","MTOPIA
","2020 MBC Entertainment Awards
","All Fixed Up in Seoul
","2019 MBC Entertainment Awards
","2021 KBS Song Festival
","2021 SBS Entertainment Awards
","Asia, Where VIXX Loves
","ON AIR Stopping on the Road Once in a W...
","Cafe Midnight Season 3: The Curi...
","2017 MBC Entertainment Awards
","EXO’s Travel the World On a Ladd...
","2021 MBC Entertainment Awards
","NCT LIFE : DREAM in Wonderland
","Meeting You 2
","Korea on Stage - Namwon Gwanghallu
","ON AIR Surprise: The Secret Room
","2020 Asia Song Festival
","My Life’s Traveling Cut
","2019 Changwon K-POP World Festival
","SMUF K-POP
","THE SHOW Play
","I Came Alone
","Topp Dogg: All-Kill
","2021 KBS Entertainment Awards
","2021 SBS Gayo Daejeon
","DMCF 2018
","Witches 2
","LEVEL UP PROJECT SEASON 2
","Joseon Pop Again
","NCT LIFE in Chuncheon ＆ Hongcheon
","LEVEL UP PROJECT SEASON 1
","NEW EP Cherry Blossoms After Winter
","WayVision
","LEVEL UP PROJECT SEASON 3
","Just Comedy
","2018 Changwon K-POP World Festival
","The Path to Glory
","Weekly Bamboo
","Super Rookie : UNVS
","Dog Star TV
","Scene Number Blue
","Cafe Midnight Season 2: Hip Up! ...
","Remember 2014, Promise 2021
","NCT LIFE in Osaka
","MOMOLAND’s Saipan Land
","Liah Yoo
","Boys Mental Training Camp
","YoGoBaLa
","Hyelin's Daily Pointlessness
","The Vertex
","Bears
","Weekly Bamboo 2
","Life of Samantha
","Meeting You
","Family Portrait
","Inside the Films of Bong Joon Ho
"
